{
    "DE": {
        "c1": {
            "top5": [
                [
                    "Residual_Load",
                    20.31342124938965
                ],
                [
                    "Coal_Price",
                    7.886369228363037
                ],
                [
                    "TTF_Gas_Price",
                    3.4323480129241943
                ],
                [
                    "Brent_Oil_Price",
                    2.168612241744995
                ],
                [
                    "EU_ETS_Price",
                    1.6281113624572754
                ]
            ],
            "importance_pct": {
                "Residual_Load": 55.5,
                "TTF_Gas_Price": 9.4,
                "Coal_Price": 21.6,
                "EU_ETS_Price": 4.5,
                "Brent_Oil_Price": 5.9,
                "EU_Gas_Storage_Anomaly": 3.2
            }
        },
        "c2": {
            "top5": [
                [
                    "Residual_Load",
                    21.242517471313477
                ],
                [
                    "Physical_Cluster",
                    8.249526023864746
                ],
                [
                    "TTF_Gas_Price",
                    6.922793388366699
                ],
                [
                    "Coal_Price",
                    4.896971225738525
                ],
                [
                    "EU_ETS_Price",
                    1.6312408447265625
                ]
            ],
            "importance_pct": {
                "Residual_Load": 47.8,
                "TTF_Gas_Price": 15.6,
                "Coal_Price": 11.0,
                "EU_ETS_Price": 3.7,
                "Brent_Oil_Price": 1.4,
                "EU_Gas_Storage_Anomaly": 2.0,
                "Physical_Cluster": 18.6
            }
        }
    },
    "DK": {
        "c1": {
            "top5": [
                [
                    "Residual_Load",
                    14.589927673339844
                ],
                [
                    "Coal_Price",
                    5.956356048583984
                ],
                [
                    "EU_ETS_Price",
                    3.053150177001953
                ],
                [
                    "TTF_Gas_Price",
                    3.04960298538208
                ],
                [
                    "Brent_Oil_Price",
                    1.6062124967575073
                ]
            ],
            "importance_pct": {
                "Residual_Load": 50.1,
                "TTF_Gas_Price": 10.5,
                "Coal_Price": 20.4,
                "EU_ETS_Price": 10.5,
                "Brent_Oil_Price": 5.5,
                "EU_Gas_Storage_Anomaly": 3.0
            }
        },
        "c2": {
            "top5": [
                [
                    "Residual_Load",
                    14.727336883544922
                ],
                [
                    "Physical_Cluster",
                    5.26925802230835
                ],
                [
                    "TTF_Gas_Price",
                    5.080567836761475
                ],
                [
                    "Coal_Price",
                    4.3775553703308105
                ],
                [
                    "EU_ETS_Price",
                    1.9168833494186401
                ]
            ],
            "importance_pct": {
                "Residual_Load": 44.5,
                "TTF_Gas_Price": 15.4,
                "Coal_Price": 13.2,
                "EU_ETS_Price": 5.8,
                "Brent_Oil_Price": 3.7,
                "EU_Gas_Storage_Anomaly": 1.5,
                "Physical_Cluster": 15.9
            }
        }
    },
    "ES": {
        "c1": {
            "top5": [
                [
                    "Residual_Load",
                    13.751372337341309
                ],
                [
                    "TTF_Gas_Price",
                    8.878807067871094
                ],
                [
                    "Coal_Price",
                    2.5324811935424805
                ],
                [
                    "Brent_Oil_Price",
                    2.0406675338745117
                ],
                [
                    "EU_ETS_Price",
                    0.8872345685958862
                ]
            ],
            "importance_pct": {
                "Residual_Load": 48.4,
                "TTF_Gas_Price": 31.2,
                "Coal_Price": 8.9,
                "EU_ETS_Price": 3.1,
                "Brent_Oil_Price": 7.2,
                "EU_Gas_Storage_Anomaly": 1.2
            }
        },
        "c2": {
            "top5": [
                [
                    "Residual_Load",
                    14.188907623291016
                ],
                [
                    "TTF_Gas_Price",
                    9.214476585388184
                ],
                [
                    "Coal_Price",
                    2.706848621368408
                ],
                [
                    "Brent_Oil_Price",
                    1.7160954475402832
                ],
                [
                    "EU_ETS_Price",
                    0.8970604538917542
                ]
            ],
            "importance_pct": {
                "Residual_Load": 48.5,
                "TTF_Gas_Price": 31.5,
                "Coal_Price": 9.2,
                "EU_ETS_Price": 3.1,
                "Brent_Oil_Price": 5.9,
                "EU_Gas_Storage_Anomaly": 1.3,
                "Physical_Cluster": 0.6
            }
        }
    },
    "FR": {
        "c1": {
            "top5": [
                [
                    "Residual_Load",
                    17.663455963134766
                ],
                [
                    "Coal_Price",
                    8.508230209350586
                ],
                [
                    "TTF_Gas_Price",
                    5.919388771057129
                ],
                [
                    "Brent_Oil_Price",
                    2.7806289196014404
                ],
                [
                    "EU_Gas_Storage_Anomaly",
                    0.6062570214271545
                ]
            ],
            "importance_pct": {
                "Residual_Load": 49.0,
                "TTF_Gas_Price": 16.4,
                "Coal_Price": 23.6,
                "EU_ETS_Price": 1.6,
                "Brent_Oil_Price": 7.7,
                "EU_Gas_Storage_Anomaly": 1.7
            }
        },
        "c2": {
            "top5": [
                [
                    "Residual_Load",
                    17.49627685546875
                ],
                [
                    "Coal_Price",
                    8.717541694641113
                ],
                [
                    "TTF_Gas_Price",
                    5.14480447769165
                ],
                [
                    "Physical_Cluster",
                    4.1536688804626465
                ],
                [
                    "Brent_Oil_Price",
                    1.6698124408721924
                ]
            ],
            "importance_pct": {
                "Residual_Load": 44.3,
                "TTF_Gas_Price": 13.0,
                "Coal_Price": 22.1,
                "EU_ETS_Price": 4.0,
                "Brent_Oil_Price": 4.2,
                "EU_Gas_Storage_Anomaly": 1.8,
                "Physical_Cluster": 10.5
            }
        }
    },