{
    "BE": {
        "min": 4229.394047619047,
        "max": 10453.101785714287
    },
    "CZ": {
        "min": 4754.394047619047,
        "max": 9136.002380952381
    },
    "DE": {
        "min": 6144.864732142857,
        "max": 48366.98779761905
    },
    "DK": {
        "min": -717.2654761904762,
        "max": 2920.432142857143
    },
    "ES": {
        "min": 6456.553571428572,
        "max": 26564.761904761905
    },
    "FI": {
        "min": 4417.551934523809,
        "max": 11634.09880952381
    },
    "FR": {
        "min": 25825.32738095238,
        "max": 73772.88095238095
    },
    "GB": {
        "min": -15034.98392857143,
        "max": 36127.31130952381
    },
    "HU": {
        "min": 2479.7831845238097,
        "max": 5771.181398809524
    },
    "IE": {
        "min": 1220.8104166666667,
        "max": 3975.6386904761903
    },
    "IT": {
        "min": 16529.97619047619,
        "max": 35085.38690476191
    },
    "NL": {
        "min": 7488.9334821428565,
        "max": 14450.410267857142
    },
    "NO": {
        "min": 9904.389285714286,
        "max": 21564.242857142857
    },
    "PL": {
        "min": 8870.408630952381,
        "max": 21568.27380952381
    },
    "PT": {
        "min": 1800.5047619047618,
        "max": 5719.289285714285
    },
    "SE": {
        "min": 6571.132142857143,
        "max": 20172.72619047619
    },
    "SK": {
        "min": 2208.5934523809524,
        "max": 3812.424404761905
    }
}