{
    "min": 147077.5331845238,
    "max": 327073.7599702381
}