{
  "train": {
    "R2": 0.9518,
    "MAE": 9.03
  },
  "test": {
    "R2": 0.6925,
    "MAE": 15.5
  },
  "by_country": {
    "BE": {
      "R2": 0.0636,
      "MAE": 11.82
    },
    "CZ": {
      "R2": 0.1256,
      "MAE": 9.95
    },
    "DE": {
      "R2": 0.4019,
      "MAE": 19.1
    },
    "DK": {
      "R2": 0.3738,
      "MAE": 19.44
    },
    "ES": {
      "R2": 0.7583,
      "MAE": 12.69
    },
    "FI": {
      "R2": 0.1456,
      "MAE": 17.76
    },
    "FR": {
      "R2": 0.6374,
      "MAE": 17.19
    },
    "GB": {
      "R2": -0.2062,
      "MAE": 7.26
    },
    "HU": {
      "R2": 0.0175,
      "MAE": 11.99
    },
    "IE": {
      "R2": 0.4247,
      "MAE": 14.07
    },
    "IT": {
      "R2": 0.6176,
      "MAE": 10.66
    },
    "NL": {
      "R2": -0.0781,
      "MAE": 13.47
    },
    "NO": {
      "R2": 0.3659,
      "MAE": 11.05
    },
    "PL": {
      "R2": 0.4406,
      "MAE": 18.66
    },
    "PT": {
      "R2": 0.3141,
      "MAE": 14.22
    },
    "SE": {
      "R2": 0.284,
      "MAE": 14.41
    },
    "SK": {
      "R2": 0.0152,
      "MAE": 11.98
    }
  },
  "feature_importance": {
    "Price_Lag1": 0.4652999937534332,
    "Price_Roll7_Mean": 0.3212999999523163,
    "Price_Lag2": 0.05770000070333481,
    "Price_Lag7": 0.026499999687075615,
    "DayOfWeek_Sin": 0.014700000174343586,
    "DayOfWeek_Cos": 0.013299999758601189,
    "TTF_Gas_Lag2": 0.01209999993443489,
    "Price_Lag14": 0.008299999870359898,
    "TTF_Gas_Lag1": 0.008200000040233135,
    "Coal_Lag1": 0.006200000178068876,
    "EU_Gas_Storage_Lag1": 0.006000000052154064,
    "EU_ETS_Lag1": 0.005499999970197678,
    "EU_Gas_Storage_Lag2": 0.004800000227987766,
    "EU_ETS_Lag2": 0.004399999976158142,
    "Brent_Oil_Lag1": 0.00430000014603138,
    "Month_Sin": 0.00430000014603138,
    "Month_Cos": 0.003700000001117587,
    "Country_Avg_Load": 0.003599999938160181,
    "Brent_Oil_Lag2": 0.003599999938160181,
    "Country_Avg_Price": 0.0035000001080334187,
    "Coal_Lag2": 0.0034000000450760126,
    "Country_Avg_Residual_Load": 0.0032999999821186066,
    "Price_Roll7_Std": 0.0031999999191612005,
    "Load_Lag1": 0.003100000089034438,
    "Price_Lag30": 0.003000000026077032,
    "Load_Lag2": 0.002899999963119626,
    "Load_Roll7_Mean": 0.0019000000320374966,
    "Load_Lag7": 0.0017999999690800905
  },
  "model_path": "D:\\Projects\\data\\ember\\web_app\\ai_model\\daily_xgb.json",
  "features": [
    "TTF_Gas_Lag1",
    "TTF_Gas_Lag2",
    "Coal_Lag1",
    "Coal_Lag2",
    "EU_ETS_Lag1",
    "EU_ETS_Lag2",
    "Brent_Oil_Lag1",
    "Brent_Oil_Lag2",
    "EU_Gas_Storage_Lag1",
    "EU_Gas_Storage_Lag2",
    "DayOfWeek_Sin",
    "DayOfWeek_Cos",
    "Month_Sin",
    "Month_Cos",
    "Price_Lag1",
    "Price_Lag2",
    "Price_Lag7",
    "Price_Lag14",
    "Price_Lag30",
    "Load_Lag1",
    "Load_Lag2",
    "Load_Lag7",
    "Price_Roll7_Mean",
    "Price_Roll7_Std",
    "Load_Roll7_Mean",
    "Country_Avg_Load",
    "Country_Avg_Residual_Load",
    "Country_Avg_Price"
  ],
  "train_period": "2018-01-31 \u2192 2025-11-30",
  "test_period": "2025-12-01 \u2192 2026-12-31"
}