{
  "train": {
    "R2": 0.9467,
    "MAE": 9.38
  },
  "test": {
    "R2": 0.6619,
    "MAE": 17.84
  },
  "by_country": {
    "BE": {
      "R2": -1.3805,
      "MAE": 42.9
    },
    "CZ": {
      "R2": -1.827,
      "MAE": 37.37
    },
    "DE": {
      "R2": 0.3411,
      "MAE": 20.77
    },
    "DK": {
      "R2": 0.3157,
      "MAE": 20.2
    },
    "ES": {
      "R2": 0.788,
      "MAE": 12.76
    },
    "FI": {
      "R2": -42.6179,
      "MAE": 15.98
    },
    "FR": {
      "R2": 0.6411,
      "MAE": 18.45
    },
    "HU": {
      "R2": -2.2328,
      "MAE": 58.79
    },
    "IT": {
      "R2": 0.474,
      "MAE": 11.14
    },
    "NL": {
      "R2": -1.2995,
      "MAE": 41.36
    },
    "NO": {
      "R2": -3.4,
      "MAE": 36.48
    },
    "PL": {
      "R2": 0.3998,
      "MAE": 20.11
    },
    "PT": {
      "R2": -1.7472,
      "MAE": 45.14
    },
    "SE": {
      "R2": 0.0119,
      "MAE": 17.11
    },
    "SK": {
      "R2": -1.8362,
      "MAE": 46.2
    }
  },
  "feature_importance": {
    "Price_Lag1": 0.44040000438690186,
    "Price_Roll7_Mean": 0.336899995803833,
    "Price_Lag2": 0.06549999862909317,
    "Price_Lag7": 0.02810000069439411,
    "DayOfWeek_Cos": 0.014000000432133675,
    "DayOfWeek_Sin": 0.013700000010430813,
    "TTF_Gas_Lag1": 0.009200000204145908,
    "TTF_Gas_Lag2": 0.008700000122189522,
    "Price_Lag14": 0.008200000040233135,
    "Coal_Lag1": 0.006300000008195639,
    "Month_Sin": 0.00559999980032444,
    "EU_ETS_Lag1": 0.00559999980032444,
    "EU_Gas_Storage_Lag1": 0.0052999998442828655,
    "EU_Gas_Storage_Lag2": 0.004999999888241291,
    "Brent_Oil_Lag1": 0.004999999888241291,
    "EU_ETS_Lag2": 0.004800000227987766,
    "Country_Avg_Load": 0.004100000020116568,
    "Brent_Oil_Lag2": 0.003599999938160181,
    "Coal_Lag2": 0.0035000001080334187,
    "Month_Cos": 0.0035000001080334187,
    "Country_Avg_Price": 0.0034000000450760126,
    "Country_Avg_Residual_Load": 0.0032999999821186066,
    "Price_Roll7_Std": 0.0031999999191612005,
    "Price_Lag30": 0.0031999999191612005,
    "Load_Lag1": 0.0031999999191612005,
    "Load_Lag2": 0.00279999990016222,
    "Load_Lag7": 0.002099999925121665,
    "Load_Roll7_Mean": 0.0017999999690800905
  },
  "model_path": "D:\\Projects\\data\\ember\\web_app\\ai_model\\daily_xgb.json",
  "features": [
    "TTF_Gas_Lag1",
    "TTF_Gas_Lag2",
    "Coal_Lag1",
    "Coal_Lag2",
    "EU_ETS_Lag1",
    "EU_ETS_Lag2",
    "Brent_Oil_Lag1",
    "Brent_Oil_Lag2",
    "EU_Gas_Storage_Lag1",
    "EU_Gas_Storage_Lag2",
    "DayOfWeek_Sin",
    "DayOfWeek_Cos",
    "Month_Sin",
    "Month_Cos",
    "Price_Lag1",
    "Price_Lag2",
    "Price_Lag7",
    "Price_Lag14",
    "Price_Lag30",
    "Load_Lag1",
    "Load_Lag2",
    "Load_Lag7",
    "Price_Roll7_Mean",
    "Price_Roll7_Std",
    "Load_Roll7_Mean",
    "Country_Avg_Load",
    "Country_Avg_Residual_Load",
    "Country_Avg_Price"
  ],
  "train_period": "2018-01-31 \u2192 2025-12-31",
  "test_period": "2026-01-01 \u2192 2026-12-31"
}