{
    "DE": {
        "min": -7916.650000000002,
        "max": 72692.325
    },
    "DK": {
        "min": -3622.9,
        "max": 8870.999999999998
    },
    "ES": {
        "min": -2191.0,
        "max": 37087.0
    },
    "FR": {
        "min": 12460.0,
        "max": 82403.0
    },
    "IT": {
        "min": -868.0,
        "max": 43067.0
    },
    "PL": {
        "min": 1704.5000000000011,
        "max": 26362.2
    }
}